,Train_Accuracy,Test_Accuracy,Gap
LogisticRegression,0.92675,0.928,-0.0012500000000000844
SVM,0.9513333333333334,0.949,0.0023333333333334094
DecisionTree,1.0,0.915,0.08499999999999996
RandomForest,1.0,0.9546666666666667,0.04533333333333334
